solute,replica,temperature_K,elec_removal_kcal_mol,vdw_removal_kcal_mol,hydration_kcal_mol
benzene,0,298.15,2.6788100554762346,-1.9114023767459238,-0.7674076787303108
benzene,1,298.15,2.673883111343548,-1.9118050617341091,-0.762078049609439
benzene,2,298.15,2.6991182456044993,-1.91995646130523,-0.7791617842992693
methanol,0,298.15,5.191392276128954,-1.606644110317022,-3.584748165811932
methanol,1,298.15,5.137703894268119,-1.6334838181036995,-3.5042200761644198
methanol,2,298.15,5.1472049521199335,-1.6486274525239777,-3.4985774995959558
ethanol,0,298.15,5.216738007268416,-1.7302041509911392,-3.486533856277277
ethanol,1,298.15,5.2271502596512365,-1.7453901970366221,-3.4817600626146143
ethanol,2,298.15,5.221754642862372,-1.7638429349916724,-3.4579117078706996
