solute,model,leg,replica,n_windows,delta_g_removal_kcal_mol
benzene,classical,elec,0,5,0.284695052
benzene,classical,elec,1,5,0.322196041
benzene,classical,elec,2,5,0.320103412
benzene,classical,elec_gas,0,5,-2.387528027
benzene,classical,elec_gas,1,5,-2.387742905
benzene,classical,elec_gas,2,5,-2.387774396
benzene,degauss,elec,0,5,0.311255596
benzene,degauss,elec,1,5,0.311173848
benzene,degauss,elec,2,5,0.293761656
benzene,degauss,elec_gas,0,5,-2.382566610
benzene,degauss,elec_gas,1,5,-2.382539397
benzene,degauss,elec_gas,2,5,-2.382515918
benzene,classical,vdw,0,16,-1.957146726
benzene,classical,vdw,1,16,-1.997474869
benzene,classical,vdw,2,16,-2.014925947
benzene,degauss,vdw,0,16,-1.723159341
benzene,degauss,vdw,1,16,-1.717076397
benzene,degauss,vdw,2,16,-1.733652216
benzene,degauss_pref,vdw,0,16,-1.757218170
benzene,degauss_pref,vdw,1,16,-1.640539304
benzene,degauss_pref,vdw,2,16,-1.567184362
methanol,classical,elec,0,5,1.374605756
methanol,classical,elec,1,5,1.355831577
methanol,classical,elec,2,5,1.360874092
methanol,classical,elec_gas,0,5,-3.796687992
methanol,classical,elec_gas,1,5,-3.796467885
methanol,classical,elec_gas,2,5,-3.796681706
methanol,degauss,elec,0,5,1.312330635
methanol,degauss,elec,1,5,1.333330974
methanol,degauss,elec,2,5,1.333461353
methanol,degauss,elec_gas,0,5,-3.795270887
methanol,degauss,elec_gas,1,5,-3.795552628
methanol,degauss,elec_gas,2,5,-3.795173361
methanol,classical,vdw,0,16,-1.657481051
methanol,classical,vdw,1,16,-1.640315341
methanol,classical,vdw,2,16,-1.707196330
methanol,degauss,vdw,0,16,-1.620268206
methanol,degauss,vdw,1,16,-1.566584193
methanol,degauss,vdw,2,16,-1.607359177
methanol,degauss_pref,vdw,0,16,-1.621590255
methanol,degauss_pref,vdw,1,16,-1.613191621
methanol,degauss_pref,vdw,2,16,-1.608268627
ethanol,classical,elec,0,5,9.182603764
ethanol,classical,elec,1,5,9.175133569
ethanol,classical,elec,2,5,9.196643289
ethanol,classical,elec_gas,0,5,3.965638221
ethanol,classical,elec_gas,1,5,3.961787773
ethanol,classical,elec_gas,2,5,3.964540774
ethanol,degauss,elec,0,5,9.183615206
ethanol,degauss,elec,1,5,9.177453383
ethanol,degauss,elec,2,5,9.173326974
ethanol,degauss,elec_gas,0,5,4.020199728
ethanol,degauss,elec_gas,1,5,4.016394207
ethanol,degauss,elec_gas,2,5,4.018899646
ethanol,classical,vdw,0,16,-1.822885573
ethanol,classical,vdw,1,16,-1.815084507
ethanol,classical,vdw,2,16,-1.828957906
ethanol,degauss,vdw,0,16,-1.728991919
ethanol,degauss,vdw,1,16,-1.723242386
ethanol,degauss,vdw,2,16,-1.694730380
ethanol,degauss_pref,vdw,0,16,-1.714966873
ethanol,degauss_pref,vdw,1,16,-1.740487602
ethanol,degauss_pref,vdw,2,16,-1.696317724
